名,姓,年齢,アクティブ,打設完了
0,1094121510-001,,日下川新規放水路（?口側）工事,05/25/2022 10:21:43
1,1094121510-001,,日下川新規放水路（?口側）工事,05/25/2022 10:21:43
2,1094121510-001,,日下川新規放水路（?口側）工事,05/25/2022 10:21:43
3,1094121510-001,,日下川新規放水路（?口側）工事,05/25/2022 10:21:43
4,1094121510-001,,日下川新規放水路（?口側）工事,05/25/2022 10:21:43
5,1094121510-001,,日下川新規放水路（?口側）工事,05/25/2022 10:21:43
6,1094121510-001,,日下川新規放水路（?口側）工事,05/25/2022 10:21:43
7,1094121510-001,,日下川新規放水路（?口側）工事,05/25/2022 10:21:43
8,1094121510-001,,日下川新規放水路（?口側）工事,05/25/2022 10:21:43
9,1094121510-001,,日下川新規放水路（?口側）工事,05/25/2022 10:21:43
10,1094121510-001,,日下川新規放水路（?口側）工事,05/25/2022 10:21:43
11,1094121510-001,,日下川新規放水路（?口側）工事,05/25/2022 10:21:43
12,1094121510-001,,日下川新規放水路（?口側）工事,05/25/2022 10:21:43
13,1094121510-001,,日下川新規放水路（?口側）工事,05/25/2022 10:21:43
14,1094121510-001,,日下川新規放水路（?口側）工事,05/25/2022 10:21:43
